Id_App,Country,Name,Critic Name,Estrategic,Critic Info,Score,ClassifType,AppType,Deploy,Status,ServiceDomain,Quadrant,ProductDomain,Specialist,Architect App,Owner,Description,RTO,DRP,Deploy,Starting Year
1,Colombia,BBVA Net Cash,Medio,NO,Bajo,71.17,Aplicación,Legado,Hybrid Cloud,Deprecado,Customer Offer,Eliminate,Gestión de Riesgos,DevOps Specialist,Security Architect,Verónica Guerrero,Plataforma de análisis de gestión de riesgos,> 24 horas <= 3 Semanas,SI,Hybrid Cloud,2013
2,Perú,Portal Empresas,Muy Crítico,NO,Alto,39.5,Microservicio,Contenedor,Azure,Mantenimiento,Mobile Banking,Tolerate,Cumplimiento,Cloud Specialist,nan,Manuel Martín,Sistema legacy de cumplimiento,> 3 Semanas,SI,Azure,2024
3,Argentina,Banca Móvil BBVA,Crítico,SI,Bajo,55.42,Microservicio,Legado,Kyndryl,En Desarrollo,Customer Service,Transform,Analítica,Security Specialist,Security Architect,Óscar Cortés,Plataforma de integración de analítica,> 4 Horas <= 12 horas,NO,Kyndryl,2010
4,Perú,API Gateway Corporativo,Muy Crítico,NO,Medio,28.17,Base de Datos,Contenedor,On-Premise,Mantenimiento,Data Analytics,Invest,Comercio Exterior,Backend Specialist,Cloud Architect,Carlos Martínez,Plataforma cloud-native de comercio exterior,> 24 horas <= 3 Semanas,SI,On-Premise,2011
5,Turquía,Sistema de Pagos Internacionales,Medio,SI,Bajo,58.2,Middleware,Híbrido,GCP,Mantenimiento,Security & Compliance,Invest,Transferencias,Frontend Specialist,Enterprise Architect,Miguel Álvarez,Sistema legacy de transferencias,>= 0 Minutos <= 4 Horas,NO,GCP,2011
6,Venezuela,Plataforma de Inversiones,Bajo,SI,Medio,36.8,Aplicación,Contenedor,Azure,Activo,Treasury Operations,Eliminate,Créditos,Backend Specialist,Data Architect,Pilar Santos,Microservicio de créditos,> 4 Horas <= 12 horas,SI,Azure,2014
7,Venezuela,Motor de Scoring Crediticio,Muy Crítico,SI,Medio,24.61,Base de Datos,Legado,Azure,En Desarrollo,Wealth Management,Migrate,Operaciones,DevOps Specialist,Data Architect,Cristina Romero,Plataforma de integración de operaciones,> 3 Semanas,SI,Azure,2018
8,Chile,Sistema Antifraude,Bajo,NO,Bajo,51.29,Backend,Contenedor,On-Premise,Activo,Wealth Management,Modernize,Banca Privada,Data Specialist,Solution Architect,Raquel Castro,Plataforma para gestión de banca privada,> 12 horas <= 24 horas,SI,On-Premise,2020
9,Estados Unidos,Onboarding Digital,Medio,NO,Alto,66.18,API,Servicio,On-Premise,En Desarrollo,Payment Processing,Tolerate,Comercio Exterior,Backend Specialist,Integration Architect,José Rodríguez,Portal de autoservicio de comercio exterior,> 12 horas <= 24 horas,SI,On-Premise,2024
10,Estados Unidos,Gestor de Tarjetas,Bajo,NO,Alto,51.31,Microservicio,Serverless,Kyndryl,Deprecado,Customer Offer,Invest,Tarjetas,nan,Data Architect,Javier Díaz,Plataforma de integración de tarjetas,> 4 Horas <= 12 horas,NO,Kyndryl,2023
11,Uruguay,Core Bancario,Bajo,SI,Alto,35.51,Microservicio,Legado,On-Premise,Activo,Risk Management,Migrate,Cuentas,Security Specialist,nan,Manuel Martín,Sistema legacy de cuentas,> 24 horas <= 3 Semanas,NO,On-Premise,2017
12,España,Plataforma de Hipotecas,Bajo,NO,Medio,55.88,API,Legado,Azure,Activo,Customer Service,Migrate,Cuentas,Integration Specialist,Enterprise Architect,Andrés Ramos,Sistema de reporting de cuentas,> 3 Semanas,NO,Azure,2018
13,Chile,Sistema de Transferencias SEPA,Muy Crítico,SI,Alto,86.61,Base de Datos,Servicio,Hybrid Cloud,Activo,Fraud Detection,Migrate,Cuentas,Cloud Specialist,nan,Roberto Marín,Servicio de autenticación de cuentas,> 24 horas <= 3 Semanas,NO,Hybrid Cloud,2022
14,Chile,Wallet Digital,Bajo,SI,Alto,59.79,Base de Datos,Legado,Kyndryl,Mantenimiento,Treasury Operations,Transform,Créditos,Security Specialist,Cloud Architect,Miguel Álvarez,Portal de autoservicio de créditos,> 3 Semanas,NO,Kyndryl,2019
15,España,Plataforma de Seguros,Muy Crítico,SI,Bajo,82.55,Frontend,Contenedor,GCP,Deprecado,Core Banking,Migrate,Pagos,Cloud Specialist,Solution Architect,Carlos Martínez,Plataforma de análisis de pagos,> 12 horas <= 24 horas,NO,GCP,2016
16,México,CRM Bancario,Bajo,NO,Alto,83.62,Módulo Externo,Legado,GCP,Deprecado,Wealth Management,Modernize,Marketing,Security Specialist,Enterprise Architect,Pedro Alonso,Aplicación web para marketing,> 3 Semanas,NO,GCP,2010
17,Venezuela,Data Lake Corporativo,Muy Crítico,SI,Medio,16.61,Middleware,Serverless,Hybrid Cloud,Activo,Credit Management,Migrate,Analítica,Backend Specialist,Enterprise Architect,Fernando Serrano,Portal de autoservicio de analítica,> 3 Semanas,NO,Hybrid Cloud,2020
18,México,Sistema de Alertas,Muy Crítico,NO,Bajo,46.48,Middleware,Híbrido,Kyndryl,En Desarrollo,Core Banking,Modernize,Operaciones,nan,Enterprise Architect,Raquel Castro,Frontend web de operaciones,> 12 horas <= 24 horas,NO,Kyndryl,2014
19,Argentina,Portal de Accionistas,Muy Crítico,NO,Alto,10.98,Frontend,Cloud,Kyndryl,Mantenimiento,Risk Management,Eliminate,Tarjetas,Cloud Specialist,nan,Jorge Ortiz,Servicio de autenticación de tarjetas,> 12 horas <= 24 horas,SI,Kyndryl,2018
20,Perú,Plataforma de Trading,Bajo,NO,Alto,65.61,Microservicio,Contenedor,AWS,En Desarrollo,Corporate Banking,Transform,Cuentas,Frontend Specialist,nan,Natalia Rubio,Backend de procesamiento de cuentas,> 12 horas <= 24 horas,NO,AWS,2024
21,México,Sistema de Compliance,Bajo,SI,Alto,37.98,Backend,Contenedor,Hybrid Cloud,Activo,Data Analytics,Migrate,Créditos,Data Specialist,nan,Silvia Blanco,Gestor de workflows de créditos,> 3 Semanas,NO,Hybrid Cloud,2022
22,Colombia,Gestor Documental,Bajo,NO,Alto,38.88,Aplicación,Contenedor,Azure,Mantenimiento,Operational Gateway,Invest,Operaciones,Backend Specialist,Integration Architect,Carmen Gómez,Motor de cálculo para operaciones,>= 0 Minutos <= 4 Horas,NO,Azure,2017
23,México,Plataforma de Préstamos Personales,Medio,SI,Medio,73.54,Microservicio,Serverless,Kyndryl,Activo,Treasury Operations,Tolerate,Marketing,Cloud Specialist,Data Architect,Juan Domínguez,Gestor de workflows de marketing,> 12 horas <= 24 horas,NO,Kyndryl,2023
24,Chile,Sistema de Nóminas,Medio,SI,Medio,84.75,Middleware,Serverless,On-Premise,En Desarrollo,Treasury Operations,Invest,Adquisiciones,Data Specialist,Cloud Architect,Jorge Ortiz,Base de datos de adquisiciones,> 4 Horas <= 12 horas,NO,On-Premise,2016
25,Turquía,Portal de Proveedores,Medio,NO,Alto,38.33,Backend,Servicio,AWS,Deprecado,Operational Gateway,Eliminate,Seguros,Data Specialist,Security Architect,Sergio Lozano,Plataforma de análisis de seguros,> 3 Semanas,SI,AWS,2020
26,Argentina,Plataforma TPV Virtual,Crítico,SI,Medio,86.09,API,Legado,Azure,Mantenimiento,Risk Management,Eliminate,Analítica,Cloud Specialist,Security Architect,Alicia Mendoza,Sistema de notificaciones de analítica,> 3 Semanas,NO,Azure,2016
27,Perú,Sistema de Conciliación,Medio,SI,Medio,51.28,Base de Datos,Servicio,IBM Cloud,En Desarrollo,Treasury Operations,Migrate,Gestión de Riesgos,Frontend Specialist,Integration Architect,Javier Díaz,Motor de cálculo para gestión de riesgos,> 12 horas <= 24 horas,SI,IBM Cloud,2010
28,Paraguay,Plataforma de Factoring,Crítico,NO,Bajo,75.42,Microservicio,Servicio,Azure,Deprecado,Customer Service,Modernize,Pagos,Frontend Specialist,Cloud Architect,María García,Portal de autoservicio de pagos,> 3 Semanas,NO,Azure,2022
29,España,Gestor de Avales,Medio,NO,Alto,48.25,Frontend,Servicio,Kyndryl,Deprecado,Core Banking,Transform,Pagos,Integration Specialist,Cloud Architect,Silvia Blanco,Gestor de workflows de pagos,> 12 horas <= 24 horas,SI,Kyndryl,2012
30,Estados Unidos,Sistema de Leasing,Muy Crítico,NO,Bajo,19.16,API,Cloud,Hybrid Cloud,Mantenimiento,eBranch Operations,Transform,Adquisiciones,DevOps Specialist,Security Architect,Antonio Pérez,Base de datos de adquisiciones,> 4 Horas <= 12 horas,NO,Hybrid Cloud,2013
31,Uruguay,Plataforma de Confirming,Medio,SI,Alto,79.83,Base de Datos,Servicio,Hybrid Cloud,Deprecado,Risk Management,Transform,Pagos,Backend Specialist,Cloud Architect,Rafael Navarro,Sistema de notificaciones de pagos,>= 0 Minutos <= 4 Horas,SI,Hybrid Cloud,2012
32,Chile,Portal de Banca Privada,Muy Crítico,NO,Medio,63.85,API,Servicio,IBM Cloud,En Desarrollo,Credit Management,Modernize,Créditos,Integration Specialist,Integration Architect,Sergio Lozano,Plataforma de análisis de créditos,> 24 horas <= 3 Semanas,NO,IBM Cloud,2022
33,Perú,Sistema de Gestión de Efectivo,Medio,NO,Medio,46.1,Microservicio,Cloud,On-Premise,Deprecado,Credit Management,Invest,Marketing,Data Specialist,Enterprise Architect,Raquel Castro,Frontend web de marketing,> 12 horas <= 24 horas,SI,On-Premise,2015
34,Uruguay,Plataforma de Divisas,Medio,NO,Alto,62.91,Microservicio,Cloud,IBM Cloud,Activo,Customer Service,Tolerate,Adquisiciones,DevOps Specialist,Enterprise Architect,Pedro Alonso,Frontend web de adquisiciones,> 4 Horas <= 12 horas,SI,IBM Cloud,2021
35,Argentina,Sistema de Riesgos,Muy Crítico,SI,Medio,80.27,Middleware,Cloud,On-Premise,Deprecado,Risk Management,Invest,Tarjetas,Frontend Specialist,Integration Architect,Carlos Martínez,Sistema de reporting de tarjetas,>= 0 Minutos <= 4 Horas,NO,On-Premise,2013
36,Uruguay,Motor de Recomendaciones,Medio,SI,Bajo,86.37,Frontend,Servicio,Kyndryl,Mantenimiento,Customer Service,Migrate,Comercio Exterior,Data Specialist,nan,Elena Torres,Aplicación web para comercio exterior,>= 0 Minutos <= 4 Horas,SI,Kyndryl,2018
37,México,Plataforma de Marketing Digital,Crítico,NO,Alto,75.89,Backend,Cloud,On-Premise,Activo,Customer Service,Transform,Seguros,Frontend Specialist,Data Architect,Mónica Medina,Sistema de reporting de seguros,>= 0 Minutos <= 4 Horas,NO,On-Premise,2018
38,Chile,Sistema de Business Intelligence,Medio,NO,Alto,53.33,Base de Datos,Serverless,IBM Cloud,Activo,Wealth Management,Modernize,Cuentas,Backend Specialist,Solution Architect,Miguel Álvarez,Motor de cálculo para cuentas,>= 0 Minutos <= 4 Horas,SI,IBM Cloud,2010
39,España,Portal de Autoservicio,Crítico,NO,Bajo,67.65,Backend,Contenedor,Azure,Mantenimiento,Data Analytics,Transform,Analítica,Integration Specialist,Security Architect,Cristina Romero,Sistema legacy de analítica,> 24 horas <= 3 Semanas,SI,Azure,2014
40,Chile,Plataforma de Video Identificación,Crítico,SI,Alto,67.07,Base de Datos,Contenedor,IBM Cloud,Mantenimiento,Risk Management,Invest,Pagos,Data Specialist,nan,Carlos Martínez,Base de datos de pagos,> 3 Semanas,NO,IBM Cloud,2020
41,Paraguay,Sistema de Firma Digital,Bajo,SI,Bajo,21.2,Frontend,Serverless,GCP,Mantenimiento,Customer Offer,Modernize,Seguros,Frontend Specialist,Enterprise Architect,Mónica Medina,Servicio de integración de seguros,> 12 horas <= 24 horas,SI,GCP,2020
42,España,Gestor de Incidencias,Crítico,SI,Alto,44.23,Aplicación,Cloud,GCP,En Desarrollo,Data Analytics,Transform,Operaciones,Data Specialist,Solution Architect,Mónica Medina,Plataforma cloud-native de operaciones,> 4 Horas <= 12 horas,SI,GCP,2015
43,Estados Unidos,Plataforma de Chatbot,Bajo,SI,Bajo,89.53,Microservicio,Legado,Azure,En Desarrollo,Payment Processing,Migrate,Hipotecas,Data Specialist,Cloud Architect,Sergio Lozano,API REST para hipotecas,> 4 Horas <= 12 horas,NO,Azure,2012
44,Paraguay,Sistema de Notificaciones Push,Muy Crítico,NO,Alto,42.13,Aplicación,Contenedor,On-Premise,Activo,Treasury Operations,Eliminate,Ventas,nan,Cloud Architect,Alberto Molina,Sistema de reporting de ventas,>= 0 Minutos <= 4 Horas,NO,On-Premise,2017
45,España,Portal de Educación Financiera,Bajo,SI,Medio,32.41,Backend,Cloud,GCP,En Desarrollo,Core Banking,Tolerate,Seguros,Cloud Specialist,Data Architect,Marta Moreno,Frontend web de seguros,>= 0 Minutos <= 4 Horas,NO,GCP,2011
46,Perú,Plataforma de Sostenibilidad,Bajo,NO,Medio,77.99,Módulo Externo,Contenedor,On-Premise,Activo,Corporate Banking,Modernize,Analítica,Security Specialist,Data Architect,Ana López,Portal de autoservicio de analítica,> 4 Horas <= 12 horas,NO,On-Premise,2022
47,Argentina,Sistema de Reporting Regulatorio,Muy Crítico,NO,Medio,84.54,Base de Datos,Serverless,Hybrid Cloud,En Desarrollo,Mobile Banking,Eliminate,Canal Digital,Frontend Specialist,nan,Antonio Pérez,Plataforma para gestión de canal digital,> 24 horas <= 3 Semanas,SI,Hybrid Cloud,2023
48,Colombia,Plataforma de Open Banking,Crítico,SI,Medio,91.81,Módulo Externo,Contenedor,On-Premise,En Desarrollo,Data Analytics,Tolerate,Cuentas,Integration Specialist,Enterprise Architect,Javier Díaz,Servicio de autenticación de cuentas,> 3 Semanas,NO,On-Premise,2011
49,Venezuela,API de Cuentas,Muy Crítico,SI,Medio,17.42,Módulo Externo,Legado,On-Premise,Mantenimiento,Treasury Operations,Invest,Ventas,Frontend Specialist,Enterprise Architect,Miguel Álvarez,Sistema de procesamiento de ventas,> 3 Semanas,NO,On-Premise,2014
50,España,API de Pagos,Muy Crítico,SI,Medio,37.97,Backend,Contenedor,Kyndryl,Deprecado,Operational Gateway,Eliminate,Canal Digital,DevOps Specialist,nan,Isabel Jiménez,Sistema de procesamiento de canal digital,> 4 Horas <= 12 horas,SI,Kyndryl,2016
51,Uruguay,Sistema de Tokenización,Bajo,SI,Medio,42.75,Middleware,Serverless,IBM Cloud,En Desarrollo,Corporate Banking,Modernize,Hipotecas,Frontend Specialist,nan,Beatriz Gil,Frontend web de hipotecas,>= 0 Minutos <= 4 Horas,NO,IBM Cloud,2010
52,Perú,Plataforma de Blockchain,Bajo,NO,Bajo,41.58,API,Servicio,Azure,Deprecado,Risk Management,Tolerate,Banca Privada,Security Specialist,Data Architect,Rafael Navarro,Frontend web de banca privada,> 3 Semanas,NO,Azure,2017
53,Estados Unidos,Sistema de Ciberseguridad,Medio,SI,Medio,89.49,Frontend,Legado,Azure,En Desarrollo,Corporate Banking,Modernize,Ventas,Integration Specialist,nan,Mónica Medina,Servicio de integración de ventas,> 4 Horas <= 12 horas,NO,Azure,2017
54,México,Portal de Desarrolladores,Crítico,SI,Bajo,31.39,Aplicación,Serverless,AWS,En Desarrollo,eBranch Operations,Migrate,Tarjetas,Backend Specialist,Cloud Architect,Juan Domínguez,Plataforma de análisis de tarjetas,>= 0 Minutos <= 4 Horas,NO,AWS,2022
55,Chile,Plataforma de Microcréditos,Medio,SI,Bajo,73.66,Frontend,Serverless,Hybrid Cloud,Activo,Mobile Banking,Transform,Canal Digital,Data Specialist,Data Architect,Óscar Cortés,Servicio de integración de canal digital,> 4 Horas <= 12 horas,SI,Hybrid Cloud,2022
56,México,Sistema de Gestión de Garantías,Bajo,SI,Bajo,19.69,Backend,Híbrido,On-Premise,Mantenimiento,Risk Management,Eliminate,Analítica,Security Specialist,Cloud Architect,Laura Sánchez,Plataforma cloud-native de analítica,> 24 horas <= 3 Semanas,SI,On-Premise,2011
57,Venezuela,Portal de Financiación Empresarial,Bajo,NO,Medio,74.39,Microservicio,Servicio,Hybrid Cloud,En Desarrollo,Mobile Banking,Tolerate,Transferencias,Frontend Specialist,Enterprise Architect,Alicia Mendoza,Sistema legacy de transferencias,> 3 Semanas,SI,Hybrid Cloud,2014
58,Chile,Plataforma de Análisis Predictivo,Bajo,NO,Alto,28.7,Middleware,Servicio,On-Premise,Activo,Risk Management,Modernize,Créditos,Backend Specialist,Enterprise Architect,Isabel Jiménez,Plataforma cloud-native de créditos,>= 0 Minutos <= 4 Horas,NO,On-Premise,2014
59,Argentina,Sistema de Customer Journey,Medio,NO,Alto,32.46,Módulo Externo,Contenedor,Hybrid Cloud,Deprecado,Customer Service,Modernize,Seguros,Security Specialist,Solution Architect,Sara Gutiérrez,Sistema de procesamiento de seguros,> 12 horas <= 24 horas,SI,Hybrid Cloud,2012
60,Uruguay,Portal de Onboarding Empresas,Bajo,SI,Alto,15.89,Base de Datos,Servicio,AWS,Deprecado,Customer Service,Invest,Adquisiciones,Frontend Specialist,Enterprise Architect,Carmen Gómez,Sistema de notificaciones de adquisiciones,>= 0 Minutos <= 4 Horas,SI,AWS,2011
61,México,Plataforma de Gestión de Liquidez,Bajo,SI,Bajo,40.73,Frontend,Híbrido,Kyndryl,Mantenimiento,eBranch Operations,Invest,Transferencias,Frontend Specialist,Data Architect,Javier Díaz,Plataforma cloud-native de transferencias,>= 0 Minutos <= 4 Horas,NO,Kyndryl,2020
62,Perú,Sistema de Tesorería,Muy Crítico,SI,Medio,16.65,Frontend,Serverless,AWS,Deprecado,Mobile Banking,Migrate,Gestión de Riesgos,Data Specialist,Solution Architect,Carmen Gómez,Plataforma para gestión de gestión de riesgos,> 3 Semanas,NO,AWS,2010
63,Perú,Portal de Comercio Exterior,Muy Crítico,NO,Medio,29.69,Backend,Serverless,Kyndryl,Activo,Fraud Detection,Transform,Cuentas,Cloud Specialist,Cloud Architect,David Ruiz,Aplicación móvil de cuentas,> 24 horas <= 3 Semanas,SI,Kyndryl,2017
64,Venezuela,Plataforma de Derivados,Medio,NO,Alto,37.05,API,Híbrido,AWS,En Desarrollo,Risk Management,Tolerate,Hipotecas,Integration Specialist,Solution Architect,Natalia Rubio,Plataforma de integración de hipotecas,> 3 Semanas,NO,AWS,2012
65,Venezuela,Sistema de Gestión de Colaterales,Bajo,NO,Bajo,26.18,Frontend,Legado,On-Premise,En Desarrollo,eBranch Operations,Modernize,Canal Digital,nan,Enterprise Architect,Antonio Pérez,Base de datos de canal digital,> 12 horas <= 24 horas,SI,On-Premise,2018
66,Uruguay,Portal de Banca Corporativa,Crítico,SI,Bajo,50.37,Aplicación,Cloud,Azure,En Desarrollo,Payment Processing,Modernize,Cuentas,nan,Data Architect,Antonio Pérez,Frontend web de cuentas,>= 0 Minutos <= 4 Horas,NO,Azure,2016
67,Uruguay,Plataforma de Renta Fija,Crítico,NO,Alto,19.84,Aplicación,Serverless,AWS,En Desarrollo,Wealth Management,Migrate,Tarjetas,DevOps Specialist,Integration Architect,Francisco Fernández,Plataforma de análisis de tarjetas,> 24 horas <= 3 Semanas,NO,AWS,2019
68,Colombia,Sistema de Gestión de Fondos,Bajo,NO,Bajo,18.55,Base de Datos,Servicio,Kyndryl,En Desarrollo,Core Banking,Modernize,Banca Privada,Security Specialist,Security Architect,Ana López,API REST para banca privada,> 3 Semanas,SI,Kyndryl,2024
69,Uruguay,Portal de Asesoramiento Financiero,Medio,NO,Bajo,46.06,Base de Datos,Híbrido,On-Premise,Activo,Corporate Banking,Eliminate,Banca Privada,Security Specialist,Cloud Architect,Sergio Lozano,Plataforma para gestión de banca privada,> 24 horas <= 3 Semanas,SI,On-Premise,2022
70,Paraguay,Plataforma de Robo-Advisory,Bajo,NO,Medio,68.7,Base de Datos,Servicio,On-Premise,En Desarrollo,eBranch Operations,Transform,Gestión de Riesgos,nan,Security Architect,Raquel Castro,Frontend web de gestión de riesgos,> 12 horas <= 24 horas,SI,On-Premise,2021
71,Paraguay,Sistema de Gestión Patrimonial,Crítico,SI,Bajo,66.16,API,Híbrido,Hybrid Cloud,Activo,Payment Processing,Transform,Créditos,nan,Solution Architect,Verónica Guerrero,Plataforma de análisis de créditos,> 24 horas <= 3 Semanas,SI,Hybrid Cloud,2016
72,Turquía,Portal de Planes de Pensiones,Bajo,NO,Bajo,90.32,API,Híbrido,On-Premise,Deprecado,Customer Service,Migrate,Seguros,Security Specialist,Enterprise Architect,Óscar Cortés,Backend de procesamiento de seguros,> 3 Semanas,NO,On-Premise,2016
73,España,Plataforma de Seguros de Vida,Medio,SI,Bajo,87.82,API,Cloud,IBM Cloud,Mantenimiento,eBranch Operations,Migrate,Cuentas,Backend Specialist,nan,José Rodríguez,Servicio de integración de cuentas,>= 0 Minutos <= 4 Horas,NO,IBM Cloud,2021
74,Estados Unidos,Sistema de Seguros de Hogar,Crítico,SI,Medio,21.4,Microservicio,Serverless,Hybrid Cloud,Deprecado,Customer Offer,Invest,Ventas,Cloud Specialist,Cloud Architect,Patricia Hernández,Motor de cálculo para ventas,> 3 Semanas,SI,Hybrid Cloud,2024
75,Venezuela,Portal de Seguros de Salud,Crítico,NO,Bajo,65.33,Middleware,Servicio,IBM Cloud,Deprecado,Security & Compliance,Invest,Cuentas,Integration Specialist,nan,José Rodríguez,Motor de cálculo para cuentas,> 12 horas <= 24 horas,NO,IBM Cloud,2012
76,Chile,Plataforma de Seguros de Automóvil,Bajo,NO,Alto,58.81,Microservicio,Servicio,Azure,Deprecado,Customer Offer,Transform,Cuentas,Integration Specialist,Security Architect,Patricia Hernández,Gestor de workflows de cuentas,> 24 horas <= 3 Semanas,SI,Azure,2021
77,Perú,Sistema de Gestión de Siniestros,Muy Crítico,SI,Alto,23.21,Microservicio,Cloud,Kyndryl,En Desarrollo,Data Analytics,Modernize,Tarjetas,Backend Specialist,Enterprise Architect,Luis Garrido,Portal de autoservicio de tarjetas,> 24 horas <= 3 Semanas,NO,Kyndryl,2017
78,Turquía,Portal de Mediadores,Crítico,SI,Medio,20.97,Microservicio,Legado,Azure,En Desarrollo,Mobile Banking,Tolerate,Operaciones,Integration Specialist,Solution Architect,Silvia Blanco,Plataforma para gestión de operaciones,> 3 Semanas,SI,Azure,2014
79,Turquía,Plataforma de Microseguros,Crítico,SI,Bajo,86.27,Frontend,Servicio,Hybrid Cloud,En Desarrollo,eBranch Operations,Transform,Comercio Exterior,nan,Enterprise Architect,José Rodríguez,Microservicio de comercio exterior,> 24 horas <= 3 Semanas,SI,Hybrid Cloud,2011
80,Argentina,Sistema de Gestión de Pólizas,Muy Crítico,SI,Alto,22.31,Base de Datos,Híbrido,Kyndryl,En Desarrollo,eBranch Operations,Migrate,Seguros,Data Specialist,Enterprise Architect,Andrés Ramos,Plataforma de análisis de seguros,> 3 Semanas,SI,Kyndryl,2019
81,Turquía,Portal de Reclamaciones,Crítico,SI,Bajo,85.92,API,Contenedor,Azure,En Desarrollo,Mobile Banking,Modernize,Operaciones,Data Specialist,Solution Architect,Manuel Martín,Servicio de integración de operaciones,> 3 Semanas,SI,Azure,2014
82,Estados Unidos,Plataforma de Prevención de Blanqueo,Medio,NO,Bajo,88.81,Base de Datos,Legado,Hybrid Cloud,Mantenimiento,Corporate Banking,Eliminate,Pagos,nan,Enterprise Architect,Elena Torres,Frontend web de pagos,> 12 horas <= 24 horas,NO,Hybrid Cloud,2017
83,México,Sistema de KYC,Crítico,SI,Bajo,86.09,Backend,Contenedor,Kyndryl,En Desarrollo,Credit Management,Modernize,Comercio Exterior,nan,Data Architect,Fernando Serrano,Servicio de autenticación de comercio exterior,> 4 Horas <= 12 horas,SI,Kyndryl,2015
84,Perú,Portal de Due Diligence,Medio,SI,Alto,41.66,Middleware,Legado,Azure,Mantenimiento,Security & Compliance,Tolerate,Transferencias,DevOps Specialist,Cloud Architect,Pilar Santos,API REST para transferencias,> 3 Semanas,SI,Azure,2010
85,España,Plataforma de Monitorización de Transacciones,Muy Crítico,NO,Alto,34.75,Microservicio,Servicio,Azure,Deprecado,Data Analytics,Eliminate,Hipotecas,nan,Integration Architect,Natalia Rubio,Servicio de autenticación de hipotecas,> 12 horas <= 24 horas,NO,Azure,2019
86,Paraguay,Sistema de Listas de Control,Bajo,NO,Medio,12.72,Base de Datos,Cloud,Azure,Deprecado,eBranch Operations,Eliminate,Pagos,Backend Specialist,Integration Architect,Lucía Vázquez,Backend de procesamiento de pagos,> 12 horas <= 24 horas,SI,Azure,2017
87,Uruguay,Portal de Sanciones,Muy Crítico,NO,Bajo,71.09,Frontend,Híbrido,Kyndryl,Mantenimiento,Fraud Detection,Tolerate,Banca Privada,DevOps Specialist,Cloud Architect,Óscar Cortés,Sistema de procesamiento de banca privada,>= 0 Minutos <= 4 Horas,NO,Kyndryl,2023
88,Argentina,Plataforma de Gestión de Riesgo Operacional,Bajo,SI,Alto,37.67,Backend,Servicio,AWS,Mantenimiento,Customer Offer,Tolerate,Marketing,nan,Integration Architect,Cristina Romero,Base de datos de marketing,> 12 horas <= 24 horas,SI,AWS,2016
89,Estados Unidos,Sistema de Gestión de Riesgo de Crédito,Muy Crítico,SI,Medio,47.07,Base de Datos,Híbrido,GCP,Mantenimiento,Customer Service,Modernize,Cuentas,Frontend Specialist,Enterprise Architect,Lucía Vázquez,Sistema de procesamiento de cuentas,> 3 Semanas,NO,GCP,2013
90,Venezuela,Portal de Riesgo de Mercado,Crítico,SI,Alto,42.74,Middleware,Cloud,GCP,En Desarrollo,Data Analytics,Invest,Cuentas,DevOps Specialist,nan,Antonio Pérez,Frontend web de cuentas,> 4 Horas <= 12 horas,NO,GCP,2020
91,Colombia,Plataforma de Stress Testing,Medio,SI,Bajo,80.1,Middleware,Servicio,GCP,Activo,Wealth Management,Transform,Hipotecas,Integration Specialist,nan,Elena Torres,Base de datos de hipotecas,> 12 horas <= 24 horas,SI,GCP,2017
92,Chile,Sistema de Gestión de Capital,Crítico,SI,Alto,94.72,Middleware,Contenedor,Kyndryl,Deprecado,Mobile Banking,Eliminate,Comercio Exterior,nan,Integration Architect,Raquel Castro,Servicio de integración de comercio exterior,> 12 horas <= 24 horas,SI,Kyndryl,2010
93,Chile,Portal de ICAAP,Bajo,SI,Medio,89.41,Frontend,Cloud,Azure,Activo,Wealth Management,Tolerate,Gestión de Riesgos,Integration Specialist,Integration Architect,Isabel Jiménez,Plataforma de integración de gestión de riesgos,>= 0 Minutos <= 4 Horas,NO,Azure,2015
94,México,Plataforma de Gestión de Morosidad,Muy Crítico,NO,Medio,78.43,Módulo Externo,Legado,GCP,Activo,Payment Processing,Invest,Comercio Exterior,Integration Specialist,Integration Architect,Natalia Rubio,Plataforma de integración de comercio exterior,> 4 Horas <= 12 horas,NO,GCP,2019
95,Estados Unidos,Sistema de Recuperaciones,Bajo,NO,Bajo,51.05,Base de Datos,Cloud,AWS,Activo,Security & Compliance,Modernize,Cumplimiento,Security Specialist,Integration Architect,Laura Sánchez,Backend de procesamiento de cumplimiento,> 4 Horas <= 12 horas,SI,AWS,2014
96,Venezuela,Portal de Gestión de NPL,Crítico,NO,Medio,36.97,API,Legado,Azure,En Desarrollo,eBranch Operations,Tolerate,Marketing,DevOps Specialist,Security Architect,Luis Garrido,Sistema de notificaciones de marketing,>= 0 Minutos <= 4 Horas,NO,Azure,2016
97,Paraguay,Plataforma de Provisiones,Crítico,NO,Alto,51.72,Frontend,Contenedor,Hybrid Cloud,En Desarrollo,Mobile Banking,Transform,Gestión de Riesgos,nan,Solution Architect,Raquel Castro,Frontend web de gestión de riesgos,>= 0 Minutos <= 4 Horas,SI,Hybrid Cloud,2016
98,Uruguay,Sistema de Gestión de Impagados,Crítico,NO,Medio,65.63,API,Híbrido,AWS,En Desarrollo,eBranch Operations,Invest,Cuentas,Cloud Specialist,nan,Javier Díaz,Aplicación web para cuentas,> 3 Semanas,NO,AWS,2022
99,Turquía,Portal de Refinanciaciones,Bajo,SI,Alto,31.95,Microservicio,Cloud,Hybrid Cloud,Mantenimiento,eBranch Operations,Migrate,Hipotecas,Frontend Specialist,Security Architect,Roberto Marín,Backend de procesamiento de hipotecas,> 12 horas <= 24 horas,NO,Hybrid Cloud,2022
100,Paraguay,Plataforma de Contact Center,Bajo,NO,Alto,53.13,Microservicio,Híbrido,GCP,Activo,Wealth Management,Modernize,Ventas,Cloud Specialist,Integration Architect,Lucía Vázquez,Motor de cálculo para ventas,> 4 Horas <= 12 horas,NO,GCP,2015
101,Paraguay,Sistema de Gestión de Llamadas,Medio,SI,Bajo,71.2,Frontend,Híbrido,AWS,Activo,Security & Compliance,Modernize,Transferencias,DevOps Specialist,Enterprise Architect,Lucía Vázquez,Plataforma cloud-native de transferencias,> 3 Semanas,SI,AWS,2015
102,Uruguay,Portal de Atención al Cliente,Muy Crítico,SI,Bajo,26.1,API,Servicio,GCP,Activo,eBranch Operations,Modernize,Pagos,Security Specialist,Security Architect,Fernando Serrano,Portal de autoservicio de pagos,>= 0 Minutos <= 4 Horas,SI,GCP,2013
103,Argentina,Plataforma de Gestión de Quejas,Muy Crítico,NO,Bajo,59.41,Base de Datos,Serverless,Azure,Activo,Credit Management,Migrate,Canal Digital,Backend Specialist,nan,Marta Moreno,Servicio de autenticación de canal digital,> 3 Semanas,NO,Azure,2018
104,Chile,Sistema de Calidad de Servicio,Medio,NO,Bajo,46.57,Módulo Externo,Serverless,AWS,Activo,Treasury Operations,Tolerate,Canal Digital,DevOps Specialist,Enterprise Architect,Beatriz Gil,Sistema de procesamiento de canal digital,> 12 horas <= 24 horas,NO,AWS,2024
105,Estados Unidos,Portal de Encuestas,Bajo,NO,Medio,54.84,Middleware,Híbrido,Azure,En Desarrollo,Customer Offer,Eliminate,Seguros,Integration Specialist,Enterprise Architect,Beatriz Gil,Sistema de reporting de seguros,> 4 Horas <= 12 horas,NO,Azure,2024
106,Venezuela,Plataforma de Social Media,Muy Crítico,NO,Medio,60.73,Módulo Externo,Servicio,IBM Cloud,Deprecado,Fraud Detection,Modernize,Cumplimiento,Frontend Specialist,Solution Architect,Lucía Vázquez,Plataforma para gestión de cumplimiento,> 4 Horas <= 12 horas,NO,IBM Cloud,2024
107,Venezuela,Sistema de Reputación Online,Crítico,NO,Bajo,37.16,Middleware,Servicio,IBM Cloud,En Desarrollo,Corporate Banking,Eliminate,Comercio Exterior,Backend Specialist,Data Architect,Laura Sánchez,Plataforma de análisis de comercio exterior,>= 0 Minutos <= 4 Horas,SI,IBM Cloud,2019
108,México,Portal de Comunidades,Bajo,NO,Alto,34.44,Backend,Cloud,IBM Cloud,Activo,Customer Offer,Tolerate,Canal Digital,Integration Specialist,Integration Architect,Juan Domínguez,Gestor de workflows de canal digital,> 3 Semanas,NO,IBM Cloud,2024
109,Perú,Plataforma de Gamificación,Crítico,SI,Medio,71.5,Microservicio,Cloud,Hybrid Cloud,Deprecado,eBranch Operations,Eliminate,Hipotecas,Integration Specialist,nan,Lucía Vázquez,Portal de autoservicio de hipotecas,>= 0 Minutos <= 4 Horas,SI,Hybrid Cloud,2019
110,Argentina,Sistema de Fidelización,Muy Crítico,SI,Medio,76.59,Microservicio,Contenedor,AWS,En Desarrollo,Risk Management,Transform,Cuentas,Integration Specialist,Security Architect,Luis Garrido,Aplicación web para cuentas,> 4 Horas <= 12 horas,NO,AWS,2015
111,Estados Unidos,Portal de Beneficios,Crítico,NO,Alto,22.4,Módulo Externo,Legado,Azure,Deprecado,Operational Gateway,Modernize,Comercio Exterior,Security Specialist,nan,María García,Aplicación web para comercio exterior,>= 0 Minutos <= 4 Horas,NO,Azure,2019
112,España,Plataforma de Cashback,Bajo,SI,Bajo,55.42,Módulo Externo,Serverless,Azure,Deprecado,Security & Compliance,Eliminate,Hipotecas,Cloud Specialist,Enterprise Architect,Natalia Rubio,Frontend web de hipotecas,> 3 Semanas,NO,Azure,2020
113,Chile,Sistema de Puntos,Crítico,SI,Medio,45.8,Aplicación,Serverless,Hybrid Cloud,Deprecado,Customer Offer,Invest,Marketing,nan,Data Architect,Patricia Hernández,Plataforma de análisis de marketing,> 24 horas <= 3 Semanas,NO,Hybrid Cloud,2018
114,Colombia,Portal de Descuentos,Medio,SI,Medio,62.55,Base de Datos,Contenedor,Azure,Mantenimiento,Data Analytics,Invest,Tarjetas,Integration Specialist,nan,María García,Aplicación móvil de tarjetas,> 4 Horas <= 12 horas,NO,Azure,2015
115,Estados Unidos,Plataforma de Marketplace,Muy Crítico,NO,Bajo,67.95,Aplicación,Legado,IBM Cloud,Mantenimiento,Wealth Management,Tolerate,Cuentas,Backend Specialist,Solution Architect,Silvia Blanco,Servicio de integración de cuentas,> 3 Semanas,SI,IBM Cloud,2016
116,Perú,Sistema de E-commerce,Medio,SI,Alto,90.82,API,Servicio,On-Premise,Activo,Wealth Management,Invest,Tarjetas,Security Specialist,Enterprise Architect,Alberto Molina,Microservicio de tarjetas,> 3 Semanas,SI,On-Premise,2015
117,Estados Unidos,Portal de Comparadores,Muy Crítico,SI,Bajo,38.8,Aplicación,Servicio,AWS,En Desarrollo,Fraud Detection,Modernize,Canal Digital,Backend Specialist,Cloud Architect,Enrique Iglesias,Servicio de autenticación de canal digital,> 12 horas <= 24 horas,SI,AWS,2014
118,Argentina,Plataforma de Agregación Financiera,Bajo,SI,Alto,68.59,API,Serverless,Kyndryl,Deprecado,Risk Management,Modernize,Seguros,Backend Specialist,Data Architect,Pedro Alonso,Gestor de workflows de seguros,>= 0 Minutos <= 4 Horas,SI,Kyndryl,2015
119,Venezuela,Sistema de PFM,Crítico,SI,Alto,36.49,Frontend,Serverless,Azure,Mantenimiento,Security & Compliance,Eliminate,Cuentas,Data Specialist,nan,Marta Moreno,Sistema de notificaciones de cuentas,> 24 horas <= 3 Semanas,NO,Azure,2020
120,Paraguay,Portal de Finanzas Personales,Bajo,NO,Bajo,33.11,Backend,Contenedor,AWS,En Desarrollo,Corporate Banking,Eliminate,Seguros,Integration Specialist,Cloud Architect,Fernando Serrano,Backend de procesamiento de seguros,> 12 horas <= 24 horas,NO,AWS,2018
121,Colombia,Plataforma de Educación Digital,Medio,NO,Bajo,34.88,Backend,Cloud,Kyndryl,Deprecado,eBranch Operations,Migrate,Créditos,Cloud Specialist,Data Architect,Cristina Romero,Sistema legacy de créditos,> 4 Horas <= 12 horas,SI,Kyndryl,2018
122,Estados Unidos,Sistema de Simuladores,Medio,SI,Bajo,68.07,API,Híbrido,AWS,Activo,Customer Offer,Migrate,Ventas,DevOps Specialist,nan,Cristina Romero,Servicio de autenticación de ventas,> 4 Horas <= 12 horas,SI,AWS,2012
123,Argentina,Portal de Calculadoras,Medio,NO,Medio,68.63,Aplicación,Contenedor,Hybrid Cloud,En Desarrollo,Data Analytics,Tolerate,Cumplimiento,Data Specialist,nan,Antonio Pérez,Plataforma de análisis de cumplimiento,> 3 Semanas,NO,Hybrid Cloud,2013
124,Perú,Plataforma de Gestión de Sucursales,Crítico,NO,Alto,79.42,API,Contenedor,On-Premise,Mantenimiento,Mobile Banking,Transform,Operaciones,Data Specialist,Security Architect,Silvia Blanco,Servicio de autenticación de operaciones,> 12 horas <= 24 horas,SI,On-Premise,2015
125,Chile,Sistema de Turnos,Crítico,SI,Medio,61.76,Módulo Externo,Contenedor,On-Premise,En Desarrollo,Mobile Banking,Transform,Marketing,Data Specialist,Data Architect,Verónica Guerrero,Microservicio de marketing,> 24 horas <= 3 Semanas,SI,On-Premise,2018
126,Perú,Portal de Citas,Bajo,NO,Alto,52.43,Módulo Externo,Híbrido,Hybrid Cloud,En Desarrollo,eBranch Operations,Invest,Analítica,DevOps Specialist,Data Architect,Miguel Álvarez,Sistema legacy de analítica,> 3 Semanas,NO,Hybrid Cloud,2020
127,Paraguay,Plataforma de Cajeros Automáticos,Bajo,NO,Medio,58.39,Backend,Servicio,Kyndryl,Activo,Credit Management,Invest,Banca Privada,Integration Specialist,nan,Roberto Marín,Sistema de procesamiento de banca privada,> 3 Semanas,SI,Kyndryl,2013
128,Uruguay,Sistema de Gestión de Efectivo,Crítico,NO,Bajo,33.01,Microservicio,Servicio,Hybrid Cloud,Mantenimiento,Data Analytics,Eliminate,Analítica,Frontend Specialist,Security Architect,Verónica Guerrero,Sistema de reporting de analítica,> 12 horas <= 24 horas,SI,Hybrid Cloud,2017
129,Perú,Portal de Mantenimiento ATM,Crítico,NO,Alto,11.33,Middleware,Contenedor,On-Premise,Deprecado,Data Analytics,Eliminate,Gestión de Riesgos,Integration Specialist,Solution Architect,Elena Torres,Sistema legacy de gestión de riesgos,> 3 Semanas,NO,On-Premise,2012
130,Uruguay,Plataforma de Bizum,Crítico,NO,Alto,20.07,Middleware,Híbrido,On-Premise,Mantenimiento,Core Banking,Eliminate,Operaciones,DevOps Specialist,nan,Elena Torres,Motor de cálculo para operaciones,> 4 Horas <= 12 horas,NO,On-Premise,2018
131,México,Sistema de Pagos P2P,Bajo,SI,Bajo,14.96,Módulo Externo,Híbrido,AWS,En Desarrollo,Fraud Detection,Tolerate,Hipotecas,Cloud Specialist,Solution Architect,Enrique Iglesias,Plataforma de análisis de hipotecas,> 3 Semanas,NO,AWS,2018
132,Uruguay,Portal de Pagos Móviles,Medio,NO,Alto,94.72,Frontend,Servicio,Azure,En Desarrollo,Customer Service,Invest,Hipotecas,Data Specialist,Enterprise Architect,Silvia Blanco,Portal de autoservicio de hipotecas,> 12 horas <= 24 horas,SI,Azure,2011
133,Venezuela,Plataforma de Apple Pay,Crítico,SI,Bajo,10.21,API,Híbrido,Kyndryl,En Desarrollo,Mobile Banking,Invest,Cuentas,Security Specialist,Security Architect,Isabel Jiménez,Gestor de workflows de cuentas,> 24 horas <= 3 Semanas,SI,Kyndryl,2020
134,Chile,Sistema de Google Pay,Medio,NO,Medio,39.65,Microservicio,Cloud,Hybrid Cloud,Deprecado,Credit Management,Eliminate,Comercio Exterior,Data Specialist,Enterprise Architect,Mónica Medina,Plataforma para gestión de comercio exterior,> 24 horas <= 3 Semanas,NO,Hybrid Cloud,2014
135,Turquía,Portal de Samsung Pay,Muy Crítico,NO,Alto,28.14,Backend,Contenedor,GCP,Deprecado,Risk Management,Modernize,Inversiones,DevOps Specialist,Enterprise Architect,Carmen Gómez,Sistema de procesamiento de inversiones,>= 0 Minutos <= 4 Horas,SI,GCP,2018
136,España,Plataforma de Pagos Contactless,Muy Crítico,NO,Alto,38.36,Base de Datos,Servicio,IBM Cloud,Deprecado,Mobile Banking,Eliminate,Banca Privada,Integration Specialist,Cloud Architect,Roberto Marín,Servicio de integración de banca privada,> 12 horas <= 24 horas,SI,IBM Cloud,2021
137,Paraguay,Sistema de NFC,Crítico,SI,Alto,82.51,Microservicio,Híbrido,Kyndryl,Mantenimiento,eBranch Operations,Tolerate,Analítica,Integration Specialist,Enterprise Architect,Mónica Medina,Gestor de workflows de analítica,> 3 Semanas,NO,Kyndryl,2019
138,Turquía,Portal de QR Payments,Muy Crítico,NO,Medio,55.89,Middleware,Cloud,GCP,Deprecado,Fraud Detection,Transform,Marketing,Backend Specialist,Data Architect,Pilar Santos,Plataforma cloud-native de marketing,> 4 Horas <= 12 horas,SI,GCP,2011
139,Chile,Plataforma de Instant Payments,Medio,SI,Bajo,93.0,Aplicación,Cloud,On-Premise,Mantenimiento,Core Banking,Migrate,Marketing,Backend Specialist,Security Architect,Luis Garrido,Plataforma de análisis de marketing,> 3 Semanas,SI,On-Premise,2017
140,México,Sistema de Pagos en Tiempo Real,Bajo,SI,Medio,43.84,Middleware,Contenedor,Azure,En Desarrollo,Mobile Banking,Transform,Banca Privada,Data Specialist,Cloud Architect,Cristina Romero,Backend de procesamiento de banca privada,> 12 horas <= 24 horas,SI,Azure,2012
141,Paraguay,Portal de SWIFT,Bajo,SI,Alto,92.0,Middleware,Híbrido,GCP,Deprecado,Fraud Detection,Tolerate,Cuentas,Security Specialist,Solution Architect,Lucía Vázquez,Sistema de procesamiento de cuentas,> 24 horas <= 3 Semanas,SI,GCP,2015
142,Argentina,Plataforma de TARGET2,Crítico,SI,Medio,41.33,Frontend,Híbrido,Kyndryl,Deprecado,Credit Management,Modernize,Ventas,Frontend Specialist,Enterprise Architect,Verónica Guerrero,Sistema de reporting de ventas,>= 0 Minutos <= 4 Horas,SI,Kyndryl,2019
143,Colombia,Sistema de Clearing,Bajo,NO,Alto,31.69,Frontend,Cloud,Hybrid Cloud,Activo,Payment Processing,Modernize,Marketing,Cloud Specialist,Cloud Architect,Sara Gutiérrez,Plataforma de análisis de marketing,> 4 Horas <= 12 horas,NO,Hybrid Cloud,2023
144,Turquía,Portal de Liquidación,Crítico,SI,Bajo,27.28,Backend,Legado,Kyndryl,Mantenimiento,Treasury Operations,Tolerate,Ventas,Cloud Specialist,Solution Architect,Fernando Serrano,Gestor de workflows de ventas,> 12 horas <= 24 horas,NO,Kyndryl,2020
145,Colombia,Plataforma de Custodia de Valores,Crítico,SI,Alto,66.4,Middleware,Contenedor,AWS,Mantenimiento,eBranch Operations,Eliminate,Seguros,nan,Solution Architect,Silvia Blanco,Aplicación móvil de seguros,> 3 Semanas,SI,AWS,2021
146,Estados Unidos,Sistema de Gestión de Títulos,Medio,NO,Bajo,53.58,API,Legado,IBM Cloud,Activo,eBranch Operations,Modernize,Ventas,Frontend Specialist,Data Architect,José Rodríguez,Plataforma para gestión de ventas,> 3 Semanas,SI,IBM Cloud,2021
147,Estados Unidos,Portal de Iberclear,Bajo,SI,Bajo,24.18,Base de Datos,Serverless,GCP,Activo,Customer Offer,Tolerate,Ventas,Backend Specialist,Data Architect,Silvia Blanco,Gestor de workflows de ventas,>= 0 Minutos <= 4 Horas,NO,GCP,2016
148,Argentina,Plataforma de Gestión de Derivados OTC,Medio,SI,Medio,22.14,Middleware,Serverless,On-Premise,Activo,Customer Service,Eliminate,Pagos,DevOps Specialist,Enterprise Architect,Verónica Guerrero,Sistema de notificaciones de pagos,> 12 horas <= 24 horas,SI,On-Premise,2021
149,Estados Unidos,Sistema de EMIR,Muy Crítico,NO,Medio,81.68,Base de Datos,Legado,On-Premise,Mantenimiento,Core Banking,Migrate,Cuentas,Data Specialist,Enterprise Architect,Jorge Ortiz,Plataforma para gestión de cuentas,> 4 Horas <= 12 horas,NO,On-Premise,2011
150,Uruguay,Portal de MiFID II,Muy Crítico,NO,Bajo,68.13,Backend,Híbrido,IBM Cloud,En Desarrollo,Operational Gateway,Invest,Seguros,Backend Specialist,Cloud Architect,Patricia Hernández,Sistema de notificaciones de seguros,> 24 horas <= 3 Semanas,SI,IBM Cloud,2020
151,México,Plataforma de Gestión de Préstamos Sindicados,Muy Crítico,SI,Alto,23.23,Middleware,Contenedor,AWS,Activo,eBranch Operations,Tolerate,Comercio Exterior,Data Specialist,nan,Jorge Ortiz,Gestor de workflows de comercio exterior,>= 0 Minutos <= 4 Horas,NO,AWS,2021
152,Paraguay,Sistema de Project Finance,Bajo,NO,Medio,27.23,Aplicación,Híbrido,Hybrid Cloud,En Desarrollo,Customer Offer,Migrate,Tarjetas,Backend Specialist,nan,Roberto Marín,Motor de cálculo para tarjetas,>= 0 Minutos <= 4 Horas,SI,Hybrid Cloud,2011
153,Perú,Portal de Structured Finance,Muy Crítico,SI,Alto,47.43,Módulo Externo,Servicio,Kyndryl,Activo,Fraud Detection,Eliminate,Hipotecas,Data Specialist,Cloud Architect,Ana López,Microservicio de hipotecas,>= 0 Minutos <= 4 Horas,SI,Kyndryl,2018
154,Colombia,Plataforma de M&A,Bajo,SI,Alto,52.08,Microservicio,Legado,Kyndryl,Activo,Customer Service,Tolerate,Pagos,Frontend Specialist,nan,Roberto Marín,Portal de autoservicio de pagos,> 24 horas <= 3 Semanas,SI,Kyndryl,2024
155,México,Sistema de Corporate Finance,Muy Crítico,NO,Medio,63.77,Módulo Externo,Servicio,IBM Cloud,Mantenimiento,Customer Service,Transform,Tarjetas,Backend Specialist,Data Architect,Mónica Medina,Aplicación móvil de tarjetas,> 12 horas <= 24 horas,SI,IBM Cloud,2021
156,Colombia,Portal de Asesoramiento Corporativo,Muy Crítico,SI,Medio,62.02,Middleware,Cloud,Hybrid Cloud,Activo,Customer Offer,Transform,Inversiones,Frontend Specialist,Security Architect,Raquel Castro,Sistema de reporting de inversiones,> 12 horas <= 24 horas,SI,Hybrid Cloud,2011
157,Venezuela,Plataforma de ECM,Medio,SI,Bajo,40.47,API,Serverless,GCP,Deprecado,Customer Offer,Invest,Tarjetas,Frontend Specialist,Enterprise Architect,Isabel Jiménez,Sistema de reporting de tarjetas,> 4 Horas <= 12 horas,NO,GCP,2011
158,Paraguay,Sistema de DCM,Muy Crítico,SI,Medio,78.13,Frontend,Híbrido,Hybrid Cloud,Activo,eBranch Operations,Migrate,Analítica,Integration Specialist,nan,Óscar Cortés,Frontend web de analítica,> 3 Semanas,NO,Hybrid Cloud,2022
159,Turquía,Portal de Mercados de Capitales,Bajo,NO,Medio,21.56,Aplicación,Cloud,Kyndryl,Mantenimiento,Core Banking,Invest,Canal Digital,DevOps Specialist,nan,Pilar Santos,Sistema de notificaciones de canal digital,> 4 Horas <= 12 horas,SI,Kyndryl,2017
160,España,Plataforma de Research,Medio,SI,Alto,71.69,Microservicio,Serverless,Kyndryl,Mantenimiento,Payment Processing,Eliminate,Canal Digital,Cloud Specialist,Solution Architect,Alicia Mendoza,Aplicación móvil de canal digital,> 24 horas <= 3 Semanas,SI,Kyndryl,2013
161,Uruguay,Sistema de Análisis Económico,Crítico,SI,Alto,41.36,Módulo Externo,Contenedor,AWS,Activo,Core Banking,Eliminate,Créditos,Data Specialist,Integration Architect,Carlos Martínez,API REST para créditos,> 4 Horas <= 12 horas,NO,AWS,2024
162,Paraguay,Portal de Informes de Mercado,Crítico,NO,Medio,71.51,Middleware,Híbrido,IBM Cloud,Mantenimiento,eBranch Operations,Tolerate,Pagos,Backend Specialist,Integration Architect,Antonio Pérez,Sistema de reporting de pagos,> 24 horas <= 3 Semanas,SI,IBM Cloud,2010
163,Uruguay,Plataforma de Trading Algorítmico,Crítico,NO,Medio,88.09,Frontend,Legado,IBM Cloud,Activo,eBranch Operations,Transform,Cuentas,Security Specialist,Data Architect,Alberto Molina,Backend de procesamiento de cuentas,> 24 horas <= 3 Semanas,NO,IBM Cloud,2024
164,Venezuela,Sistema de Market Making,Medio,SI,Alto,22.92,Microservicio,Legado,On-Premise,Mantenimiento,Mobile Banking,Eliminate,Pagos,DevOps Specialist,Data Architect,Pilar Santos,Portal de autoservicio de pagos,> 24 horas <= 3 Semanas,NO,On-Premise,2015
165,España,Portal de Ejecución de Órdenes,Muy Crítico,SI,Alto,52.12,Middleware,Híbrido,Kyndryl,Activo,Core Banking,Modernize,Pagos,Frontend Specialist,Solution Architect,Laura Sánchez,Motor de cálculo para pagos,> 3 Semanas,NO,Kyndryl,2015
166,Perú,Plataforma de Prime Brokerage,Crítico,SI,Alto,40.47,Frontend,Legado,On-Premise,Deprecado,Risk Management,Eliminate,Adquisiciones,Backend Specialist,Cloud Architect,Elena Torres,Base de datos de adquisiciones,> 24 horas <= 3 Semanas,NO,On-Premise,2010
167,Colombia,Sistema de Securities Lending,Medio,NO,Bajo,35.16,Módulo Externo,Servicio,Kyndryl,En Desarrollo,Data Analytics,Migrate,Créditos,Cloud Specialist,Security Architect,Rafael Navarro,Motor de cálculo para créditos,> 24 horas <= 3 Semanas,NO,Kyndryl,2015
168,Turquía,Portal de Repo,Muy Crítico,SI,Medio,53.67,Módulo Externo,Serverless,Kyndryl,Mantenimiento,Risk Management,Tolerate,Pagos,Backend Specialist,Security Architect,Patricia Hernández,Backend de procesamiento de pagos,> 4 Horas <= 12 horas,SI,Kyndryl,2022
169,Perú,Plataforma de FX Trading,Bajo,NO,Bajo,33.52,API,Contenedor,Kyndryl,Activo,Credit Management,Invest,Analítica,Frontend Specialist,Solution Architect,Manuel Martín,Gestor de workflows de analítica,> 12 horas <= 24 horas,SI,Kyndryl,2021
170,Argentina,Sistema de Divisas Spot,Crítico,SI,Alto,31.01,Aplicación,Cloud,IBM Cloud,Activo,Core Banking,Migrate,Transferencias,Security Specialist,Enterprise Architect,Mónica Medina,Plataforma de análisis de transferencias,>= 0 Minutos <= 4 Horas,NO,IBM Cloud,2020
171,Chile,Portal de Forwards,Crítico,NO,Medio,57.08,Backend,Legado,IBM Cloud,Mantenimiento,Payment Processing,Invest,Comercio Exterior,Frontend Specialist,Data Architect,Sara Gutiérrez,Plataforma cloud-native de comercio exterior,> 12 horas <= 24 horas,SI,IBM Cloud,2020
172,Argentina,Plataforma de Commodities,Crítico,SI,Bajo,49.12,Módulo Externo,Servicio,AWS,Deprecado,Payment Processing,Modernize,Hipotecas,Data Specialist,Cloud Architect,Fernando Serrano,Servicio de autenticación de hipotecas,> 3 Semanas,SI,AWS,2014
173,Paraguay,Sistema de Trading de Energía,Muy Crítico,SI,Bajo,69.08,Backend,Serverless,On-Premise,Mantenimiento,Wealth Management,Modernize,Banca Privada,Frontend Specialist,Integration Architect,Patricia Hernández,Motor de cálculo para banca privada,>= 0 Minutos <= 4 Horas,NO,On-Premise,2018
174,España,Portal de Metales Preciosos,Muy Crítico,NO,Medio,14.27,Microservicio,Serverless,On-Premise,Mantenimiento,Treasury Operations,Invest,Pagos,Security Specialist,Solution Architect,Beatriz Gil,Sistema de reporting de pagos,> 24 horas <= 3 Semanas,SI,On-Premise,2022
175,Estados Unidos,Plataforma de ESG,Medio,NO,Alto,71.13,Middleware,Servicio,AWS,En Desarrollo,Customer Service,Eliminate,Marketing,nan,Data Architect,Verónica Guerrero,Base de datos de marketing,>= 0 Minutos <= 4 Horas,SI,AWS,2020
176,Turquía,Sistema de Inversión Sostenible,Crítico,SI,Medio,12.94,Middleware,Contenedor,On-Premise,En Desarrollo,Credit Management,Invest,Tarjetas,Security Specialist,Integration Architect,Silvia Blanco,Gestor de workflows de tarjetas,> 3 Semanas,NO,On-Premise,2015
177,España,Portal de Bonos Verdes,Muy Crítico,SI,Alto,74.63,Módulo Externo,Legado,IBM Cloud,En Desarrollo,Customer Service,Eliminate,Seguros,Cloud Specialist,Enterprise Architect,Laura Sánchez,Microservicio de seguros,>= 0 Minutos <= 4 Horas,SI,IBM Cloud,2013
178,Argentina,Plataforma de Impacto Social,Bajo,SI,Medio,36.57,Módulo Externo,Híbrido,AWS,Activo,Operational Gateway,Invest,Tarjetas,Integration Specialist,Integration Architect,Ana López,Portal de autoservicio de tarjetas,> 4 Horas <= 12 horas,NO,AWS,2014
179,Colombia,Sistema de Microfinanzas,Bajo,SI,Medio,56.99,API,Contenedor,Hybrid Cloud,En Desarrollo,Customer Offer,Tolerate,Banca Privada,Backend Specialist,Integration Architect,Beatriz Gil,Motor de cálculo para banca privada,>= 0 Minutos <= 4 Horas,NO,Hybrid Cloud,2022
180,Colombia,Portal de Inclusión Financiera,Muy Crítico,SI,Medio,60.13,Backend,Híbrido,IBM Cloud,En Desarrollo,Treasury Operations,Modernize,Analítica,Security Specialist,Solution Architect,Alicia Mendoza,Aplicación web para analítica,>= 0 Minutos <= 4 Horas,SI,IBM Cloud,2017
181,Colombia,Plataforma de Innovación,Crítico,SI,Alto,80.77,Módulo Externo,Híbrido,AWS,Mantenimiento,Customer Offer,Tolerate,Gestión de Riesgos,Cloud Specialist,nan,Sara Gutiérrez,Microservicio de gestión de riesgos,> 4 Horas <= 12 horas,NO,AWS,2022
182,España,Sistema de Sandbox Regulatorio,Muy Crítico,NO,Alto,37.27,Módulo Externo,Contenedor,On-Premise,Activo,Payment Processing,Tolerate,Operaciones,nan,Solution Architect,Javier Díaz,Sistema legacy de operaciones,> 24 horas <= 3 Semanas,SI,On-Premise,2021
183,Chile,Portal de Fintech Partnerships,Medio,NO,Alto,64.99,Microservicio,Contenedor,On-Premise,En Desarrollo,Data Analytics,Tolerate,Gestión de Riesgos,Cloud Specialist,Data Architect,Óscar Cortés,Portal de autoservicio de gestión de riesgos,> 24 horas <= 3 Semanas,SI,On-Premise,2018
184,Venezuela,Plataforma de AI/ML,Crítico,NO,Alto,47.82,Frontend,Híbrido,On-Premise,En Desarrollo,Corporate Banking,Eliminate,Comercio Exterior,Security Specialist,Cloud Architect,Javier Díaz,Sistema de notificaciones de comercio exterior,>= 0 Minutos <= 4 Horas,NO,On-Premise,2024
185,Venezuela,Sistema de Deep Learning,Muy Crítico,NO,Medio,67.58,Base de Datos,Híbrido,Azure,Activo,Operational Gateway,Modernize,Analítica,Security Specialist,nan,Natalia Rubio,Frontend web de analítica,>= 0 Minutos <= 4 Horas,SI,Azure,2015
186,España,Portal de Computer Vision,Bajo,SI,Medio,77.78,Microservicio,Contenedor,GCP,Deprecado,Customer Service,Tolerate,Comercio Exterior,DevOps Specialist,Security Architect,Alicia Mendoza,Sistema de procesamiento de comercio exterior,> 3 Semanas,NO,GCP,2023
187,Chile,Plataforma de NLP,Muy Crítico,SI,Bajo,50.27,Frontend,Servicio,Hybrid Cloud,Mantenimiento,Data Analytics,Modernize,Analítica,Cloud Specialist,Security Architect,Teresa Sanz,Plataforma para gestión de analítica,> 24 horas <= 3 Semanas,SI,Hybrid Cloud,2016
188,Chile,Sistema de Procesamiento de Lenguaje,Crítico,SI,Bajo,74.44,Módulo Externo,Contenedor,GCP,Deprecado,eBranch Operations,Transform,Inversiones,Cloud Specialist,nan,María García,Gestor de workflows de inversiones,> 12 horas <= 24 horas,SI,GCP,2012
189,México,Portal de Chatbots Avanzados,Crítico,SI,Bajo,19.22,Microservicio,Legado,Hybrid Cloud,Deprecado,Payment Processing,Migrate,Pagos,Security Specialist,nan,Alberto Molina,API REST para pagos,> 24 horas <= 3 Semanas,SI,Hybrid Cloud,2016
190,Paraguay,Plataforma de RPA,Muy Crítico,NO,Alto,81.54,API,Contenedor,AWS,Mantenimiento,Security & Compliance,Modernize,Operaciones,DevOps Specialist,Data Architect,Rafael Navarro,Gestor de workflows de operaciones,> 12 horas <= 24 horas,NO,AWS,2019
191,Colombia,Sistema de Automatización de Procesos,Muy Crítico,SI,Bajo,83.9,Middleware,Serverless,Kyndryl,Deprecado,Customer Service,Migrate,Cuentas,nan,Solution Architect,Enrique Iglesias,Sistema legacy de cuentas,>= 0 Minutos <= 4 Horas,SI,Kyndryl,2011
192,Venezuela,Portal de Workflows,Medio,SI,Bajo,25.49,Frontend,Servicio,AWS,Activo,Security & Compliance,Modernize,Marketing,DevOps Specialist,Security Architect,Francisco Fernández,Aplicación móvil de marketing,>= 0 Minutos <= 4 Horas,SI,AWS,2020
193,México,Plataforma de Cloud Migration,Medio,NO,Medio,11.9,Aplicación,Serverless,IBM Cloud,En Desarrollo,Customer Offer,Tolerate,Inversiones,nan,Solution Architect,Sara Gutiérrez,Plataforma de integración de inversiones,> 12 horas <= 24 horas,SI,IBM Cloud,2021
194,Paraguay,Sistema de Hybrid Cloud,Bajo,SI,Bajo,23.72,Base de Datos,Contenedor,Azure,Deprecado,Credit Management,Eliminate,Inversiones,Data Specialist,Solution Architect,Verónica Guerrero,Aplicación web para inversiones,> 3 Semanas,SI,Azure,2019
195,Perú,Portal de Multi-Cloud,Medio,SI,Bajo,66.8,Frontend,Híbrido,IBM Cloud,En Desarrollo,Payment Processing,Invest,Operaciones,Data Specialist,Cloud Architect,María García,Plataforma cloud-native de operaciones,>= 0 Minutos <= 4 Horas,SI,IBM Cloud,2018
196,Turquía,Plataforma de DevOps,Muy Crítico,SI,Medio,19.67,Base de Datos,Servicio,On-Premise,Activo,Mobile Banking,Transform,Comercio Exterior,Backend Specialist,Solution Architect,Marta Moreno,API REST para comercio exterior,> 4 Horas <= 12 horas,SI,On-Premise,2024
197,Uruguay,Sistema de CI/CD,Bajo,NO,Medio,54.92,Aplicación,Servicio,Kyndryl,Activo,Credit Management,Modernize,Analítica,nan,nan,José Rodríguez,Servicio de autenticación de analítica,> 4 Horas <= 12 horas,SI,Kyndryl,2017
198,Turquía,Portal de GitOps,Crítico,SI,Bajo,55.36,Microservicio,Legado,Azure,En Desarrollo,Operational Gateway,Transform,Analítica,Backend Specialist,Enterprise Architect,Teresa Sanz,Frontend web de analítica,>= 0 Minutos <= 4 Horas,SI,Azure,2012
199,Chile,Plataforma de Observabilidad,Crítico,SI,Alto,52.13,Backend,Híbrido,Azure,Deprecado,Corporate Banking,Eliminate,Comercio Exterior,Integration Specialist,nan,Carlos Martínez,Plataforma cloud-native de comercio exterior,> 3 Semanas,SI,Azure,2024
200,Perú,Sistema de Monitorización,Muy Crítico,SI,Alto,26.22,Microservicio,Contenedor,Kyndryl,Mantenimiento,Customer Service,Invest,Analítica,Frontend Specialist,Enterprise Architect,Sergio Lozano,Gestor de workflows de analítica,>= 0 Minutos <= 4 Horas,SI,Kyndryl,2016